t_s,hr_bpm
0,111
1,113
2,112
6,113
10,119
11,118
16,123
18,127
19,127
20,130
24,135
27,135
32,138
33,138
40,137
46,140
48,140
53,141
56,146
61,148
68,147
69,147
75,148
76,149
82,149
88,148
92,148
97,149
102,147
108,150
109,147
115,145
120,147
121,147
132,150
133,150
137,151
143,152
149,149
150,148
156,150
158,150
163,150
166,147
172,145
177,148
178,149
183,152
188,150
194,149
197,148
203,146
206,146
212,146
219,151
224,151
229,152
235,152
237,152
244,151
245,151
252,150
253,149
256,149
260,146
262,148
268,145
269,145
275,144
277,145
284,147
289,150
290,148
297,150
303,151
310,152
317,153
324,154
325,154
331,154
332,153
336,150
340,151
345,154
346,154
353,155
360,152
361,155
367,154
375,157
380,157
385,158
388,159
393,155
395,155
401,156
407,156
411,154
414,150
415,153
418,153
424,154
430,154
431,153
437,152
441,154
443,151
448,152
454,150
456,150
457,150
461,150
463,150
467,151
472,148
475,148
480,149
481,149
486,149
488,148
491,148
496,147
502,148
508,148
512,151
517,150
524,150
528,152
535,152
537,155
543,153
544,153
551,152
553,151
558,148
564,147
569,144
575,144
582,143
585,144
591,146
598,147
604,148
607,149
608,148
611,149
617,150
622,151
629,152
630,152
637,153
642,150
644,154
647,157
649,154
650,154
651,155
658,154
659,156
666,155
667,155
674,155
677,153
682,150
685,150
691,150
697,149
698,149
705,150
712,149
719,150
723,147
725,150
726,150
730,154
732,153
738,151
742,153
749,153
750,153
755,156
756,155
763,154
764,154
768,156
774,156
776,157
783,156
784,155
790,154
792,153
798,150
800,150
807,148
813,148
821,149
822,149
823,152
828,150
834,149
841,150
842,150
849,147
850,149
857,149
859,148
867,150
875,149
882,150
890,151
891,151
892,148
897,150
905,151
912,151
918,150
923,150
925,151
929,148
930,151
931,149
935,152
940,151
947,155
948,154
952,149
956,151
961,153
963,155
968,154
971,154
973,151
978,152
986,154
993,154
995,155
1002,156
1004,156
1010,157
1016,156
1017,156
1020,153
1023,156
1030,156
1031,157
1037,160
1039,162
1046,160
1047,162
1053,165
1055,164
1062,165
1065,163
1069,160
1071,160
1078,162
1080,161
1087,161
1088,161
1095,160
1096,160
1102,158
1109,157
1111,156
1117,157
1122,157
1126,154
1129,153
1133,150
1134,156
1136,157
1143,156
1145,156
1151,157
1154,155
1161,156
1162,155
1169,155
1170,155
1177,156
1184,157
1188,154
1190,152
1196,155
1197,155
1204,154
1211,154
1217,154
1221,152
1228,154
1229,155
1236,158
1242,157
1246,156
1253,157
1255,156
1262,155
1264,156
1271,157
1272,156
1279,156
1281,157
1288,157
1289,157
1296,155
1302,155
1306,159
1310,157
1314,160
1317,158
1318,161
1323,161
1330,161
1332,161
1338,161
1344,162
1350,159
1352,162
1355,159
1361,159
1367,157
1372,158
1377,157
1382,158
1388,157
1390,158
1397,157
1403,158
1405,161
1406,160
1410,157
1412,157
1415,154
1416,157
1421,157
1425,154
1432,157
1435,156
1436,156
1438,154
1445,155
1446,154
1450,155
1456,157
1458,154
1465,154
1466,154
1472,153
1476,154
1477,151
1484,153
1491,156
1498,156
1499,156
1506,158
1513,159
1520,158
1521,157
1527,157
1534,158
1539,157
1545,157
1552,158
1559,160
1562,161
1568,158
1571,160
1577,158
1580,161
1585,162
1592,161
1593,164
1594,161
1599,162
1606,162
1607,161
1614,159
1615,159
1621,161
1628,159
1635,158
1636,158
1642,156
1649,157
1655,157
1661,159
1668,161
1669,161
1671,158
1674,159
1681,158
1683,157
1691,156
1698,155
1705,154
1707,154
1713,154
1719,157
1720,158
1727,160
1729,160
1735,161
1742,160
1749,159
1752,157
1754,154
1760,160
1761,160
1768,159
1769,159
1775,162
1777,159
1782,156
1786,156
1793,155
1795,155
1802,157
1803,156
1810,155
1814,155
1815,159
1816,159
1822,158
1825,157
1864,144
1865,143
1869,141
1874,141
1876,142
1882,144
1883,145
1888,148
1889,150
1893,147
1897,149
1904,148
1911,148
1912,148
1916,145
1918,148
1925,150
1932,149
1939,152
1941,152
1948,154
1955,154
1961,154
1968,155
1976,156
1981,158
1983,158
1989,158
1992,156
1999,155
2000,155
2006,155
2007,155
2014,154
2021,153
2022,154
2028,154
2034,157
2035,157
2042,156
2044,157
2051,157
2052,158
2058,158
2064,159
2071,160
2074,159
2080,160
2087,161
2088,161
2092,158
2096,157
2098,154
2100,158
2103,159
2110,161
2112,161
2113,164
2120,164
2127,162
2134,163
2136,163
2142,165
2148,162
2150,161
2154,158
2158,157
2165,157
2168,157
2175,159
2181,161
2186,161
2194,160
2198,157
2201,157
2208,157
2215,156
2216,156
2218,155
2222,155
2223,154
2229,152
2236,153
2241,154
2247,156
2254,158
2255,159
2261,160
2262,160
2267,157
2268,159
2274,157
2281,157
2287,156
2289,156
2296,155
2303,154
2305,156
2309,159
2313,158
2315,158
2320,159
2326,160
2332,160
2338,161
2345,162
2348,162
2355,162
2357,163
2364,164
2366,164
2373,163
2374,163
2381,161
2382,162
2389,162
2396,161
2397,163
2404,160
2406,160
2413,158
2420,157
2423,159
2424,156
2431,156
2438,156
2439,156
2446,157
2454,157
2456,157
2464,158
2466,158
2473,161
2480,161
2481,164
2488,162
2496,162
2502,162
2509,163
2512,164
2519,162
2522,160
2528,163
2529,162
2537,162
2540,160
2547,159
2553,159
2559,158
2561,158
2569,158
2576,161
2583,162
2584,161
2591,158
2598,160
2600,161
2607,160
2609,159
2611,162
2617,160
2625,161
2631,162
2639,161
2640,163
2647,163
2648,163
2651,166
2654,169
2657,170
2664,170
2670,170
2677,168
2684,166
2692,164
2699,164
2701,164
2708,162
2709,164
2717,166
2719,166
2721,165
2727,164
2736,164
2739,165
2755,162
2757,161
2762,159
2766,158
2771,155
2772,156
2774,157
2776,157
2779,156
2782,154
2788,154
2792,155
2797,156
2799,155
2805,154
2809,153
2810,154
4650,67
4651,66
4652,68
4655,67
4657,70
4658,73
4659,78
4660,78
4661,82
4662,84
4663,87
4664,88
4666,94
4667,93
4668,95
4669,96
4672,99
4673,100
4674,100
4677,103
4678,104
4682,107
4685,107
4691,108
4697,109
4704,111
4711,111
4717,112
4719,111
4726,112
4732,112
4740,112
4748,114
4753,114
4759,117
4760,117
4767,117
4773,118
4777,118
4778,121
4779,121
4781,117
4786,119
4790,119
4792,119
4797,119
4804,119
4806,121
4812,119
4819,121
4820,122
4826,118
4827,117
4828,120
4834,120
4841,119
4845,116
4850,116
4858,117
4859,118
4860,117
4867,119
4869,116
4870,119
4876,121
4882,121
4889,123
4890,122
4896,121
4902,122
4909,121
4910,121
4917,120
4918,120
4925,120
4929,120
4936,119
4937,119
4942,120
4945,123
4950,120
4952,122
4959,121
4961,122
4968,122
4969,122
4976,123
4979,124
4986,125
4992,125
4998,126
4999,126
5003,126
5006,123
5007,124
5010,127
5013,126
5019,126
5026,124
5033,123
5037,122
5038,122
5039,119
5040,122
5043,120
5045,122
5048,123
5049,123
5050,123
5052,123
5053,123
5056,123
5060,124
5062,124
5065,123
5070,123
5074,122
5078,124
5082,126
5083,128
5087,124
5089,126
5091,126
5096,126
5101,126
5107,126
5114,129
5116,127
5120,127
5121,127
5126,131
5129,135
5134,135
5140,134
5143,133
5148,131
5150,131
5154,134
5157,133
5163,130
5166,131
5173,135
5180,136
5188,136
5194,136
5196,139
5200,137
5208,138
5212,138
5217,138
5219,138
5222,136
5224,135
5225,135
5231,135
5233,135
5235,135
5241,134
5248,131
5256,133
5283,124
5286,122
5290,118
5291,117
5296,118
5299,120
5300,123
5302,120
5307,118
5308,121
5312,120
5317,124
5324,126
5325,125
5326,128
5329,124
5330,127
5335,128
5341,128
5345,126
5346,126
5349,127
5352,130
5353,128
5358,128
5360,131
5361,128
5362,129
5363,129
5370,130
5375,131
5382,131
5387,130
5391,128
5392,130
5396,128
5398,128
5400,127
5405,128
5407,125
5409,126
5410,128
5416,128
5422,128
5430,127
5437,128
5438,128
5443,129
5444,129
5451,128
5455,131
5457,131
5462,130
5469,129
5477,130
5481,127
5483,130
5491,132
5495,136
5496,133
5499,134
5501,131
5507,134
5513,134
5517,137
5521,139
5522,133
5527,135
5534,135
5541,132
5542,133
5544,130
5549,132
5558,129
5562,126
5565,127
5567,126
5571,124
5578,124
5579,119
5581,122
5584,125
5585,125
5586,128
5588,128
5593,129
5598,131
5602,137
5605,135
5612,137
5618,139
5622,132
5623,132
5624,128
5626,127
5628,124
5631,121
5634,118
5636,122
5640,122
5644,122
5646,124
5652,123
5658,127
5660,126
5664,123
5665,123
5666,124
5672,126
5679,125
5686,128
5693,126
5694,129
5702,130
5703,131
5710,130
5717,130
5718,131
5725,130
5732,131
5739,132
5744,135
5747,137
5748,138
5751,139
5753,139
5756,140
5762,141
5767,140
